"0","1986-04-18","1986-04-18 08:01:02","0","26343.69","Deposit from bank account","26343.69"
"1","1981-10-08","1981-10-08 10:29:58","1","26502.37","Deposit from bank account","26502.37"
"2","2015-03-29","2015-03-29 10:21:23","2","18577.28","Deposit from bank account","18577.28"
"3","2012-02-24","2012-02-24 22:38:44","3","18814.33","Deposit from bank account","18814.33"
"4","2018-06-01","2018-06-01 09:40:56","4","40814.02","Deposit from bank account","40814.02"
"5","1999-06-29","1999-06-29 02:59:44","5","11224.33","Deposit from bank account","11224.33"
"6","2000-03-29","2000-03-29 15:15:29","6","10346.81","Deposit from bank account","10346.81"
"7","1994-06-21","1994-06-21 08:32:07","7","38783.96","Deposit from bank account","38783.96"
"8","2022-03-28","2022-03-28 09:04:41","8","46266.48","Deposit from bank account","46266.48"
"9","1982-09-24","1982-09-24 15:44:25","9","11542.18","Deposit from bank account","11542.18"
"10","2012-05-18","2012-05-18 12:34:04","10","21975.44","Deposit from bank account","21975.44"
"11","1991-12-28","1991-12-28 14:37:41","11","35363.92","Deposit from bank account","35363.92"
"12","1974-05-05","1974-05-05 02:29:50","12","24082.21","Deposit from bank account","24082.21"
"13","2019-10-23","2019-10-23 02:52:40","13","46451.67","Deposit from bank account","46451.67"
"14","1975-10-29","1975-10-29 01:58:41","14","32901.07","Deposit from bank account","32901.07"
"15","1995-12-11","1995-12-11 19:18:22","15","14809.20","Deposit from bank account","14809.20"
"16","1989-06-14","1989-06-14 02:55:10","16","15923.52","Deposit from bank account","15923.52"
"17","1977-09-06","1977-09-06 21:33:44","17","20405.48","Deposit from bank account","20405.48"
"18","1972-07-21","1972-07-21 16:28:45","18","38349.87","Deposit from bank account","38349.87"
"19","1986-11-30","1986-11-30 06:37:01","19","42222.76","Deposit from bank account","42222.76"
"20","2007-03-23","2007-03-23 11:01:06","20","41694.68","Deposit from bank account","41694.68"
"21","1975-06-28","1975-06-28 06:39:55","21","25643.40","Deposit from bank account","25643.40"
"22","2003-07-06","2003-07-06 08:38:56","22","46416.61","Deposit from bank account","46416.61"
"23","1982-12-03","1982-12-03 22:50:03","23","14726.56","Deposit from bank account","14726.56"
"24","1988-05-07","1988-05-07 00:08:01","24","39776.39","Deposit from bank account","39776.39"
"25","2014-05-19","2014-05-19 07:32:26","25","36954.47","Deposit from bank account","36954.47"
"26","1971-07-15","1971-07-15 18:51:33","26","19149.51","Deposit from bank account","19149.51"
"27","1970-06-09","1970-06-09 01:58:46","27","40188.76","Deposit from bank account","40188.76"
"28","2003-06-23","2003-06-23 01:59:57","28","33249.77","Deposit from bank account","33249.77"
"29","2020-10-05","2020-10-05 19:41:44","29","35039.73","Deposit from bank account","35039.73"
"30","1996-08-14","1996-08-14 20:15:57","30","32106.10","Deposit from bank account","32106.10"
"31","2000-12-25","2000-12-25 23:03:11","31","30499.89","Deposit from bank account","30499.89"
"32","2008-12-09","2008-12-09 18:54:29","32","41017.40","Deposit from bank account","41017.40"
"33","1995-07-19","1995-07-19 09:57:31","33","42640.00","Deposit from bank account","42640.00"
"34","2001-06-13","2001-06-13 20:46:02","34","44277.56","Deposit from bank account","44277.56"
"35","2000-09-14","2000-09-14 14:16:56","35","12255.05","Deposit from bank account","12255.05"
"36","1971-07-02","1971-07-02 10:30:48","36","33458.09","Deposit from bank account","33458.09"
"37","2013-08-20","2013-08-20 06:37:58","37","35963.45","Deposit from bank account","35963.45"
"38","2018-07-29","2018-07-29 03:36:24","38","22035.50","Deposit from bank account","22035.50"
"39","1979-10-30","1979-10-30 23:00:49","39","41280.47","Deposit from bank account","41280.47"
"40","1974-04-16","1974-04-16 00:47:37","40","36008.39","Deposit from bank account","36008.39"
"41","1972-05-30","1972-05-30 21:46:51","41","31475.01","Deposit from bank account","31475.01"
"42","1982-10-06","1982-10-06 05:05:24","42","49124.98","Deposit from bank account","49124.98"
"43","1982-05-11","1982-05-11 23:50:22","43","26840.71","Deposit from bank account","26840.71"
"44","1985-08-22","1985-08-22 12:46:14","44","34076.55","Deposit from bank account","34076.55"
"45","2016-11-12","2016-11-12 14:05:52","45","40888.42","Deposit from bank account","40888.42"
"46","2017-03-17","2017-03-17 16:43:52","46","43491.49","Deposit from bank account","43491.49"
"47","1994-07-08","1994-07-08 03:11:29","47","30144.74","Deposit from bank account","30144.74"
"48","2010-07-08","2010-07-08 00:13:22","48","21461.44","Deposit from bank account","21461.44"
"49","2013-03-24","2013-03-24 12:44:39","49","22371.87","Deposit from bank account","22371.87"
"50","1993-07-29","1993-07-29 23:23:59","50","41565.34","Deposit from bank account","41565.34"
"51","1994-06-26","1994-06-26 06:03:35","51","41401.10","Deposit from bank account","41401.10"
"52","2018-06-12","2018-06-12 12:59:05","52","40504.79","Deposit from bank account","40504.79"
"53","2014-12-01","2014-12-01 05:05:27","53","16794.68","Deposit from bank account","16794.68"
"54","1973-01-21","1973-01-21 22:21:32","54","29438.14","Deposit from bank account","29438.14"
"55","1980-01-13","1980-01-13 23:13:34","55","32220.32","Deposit from bank account","32220.32"
"56","1975-06-01","1975-06-01 12:24:08","56","37123.80","Deposit from bank account","37123.80"
"57","2004-01-29","2004-01-29 01:22:04","57","22323.52","Deposit from bank account","22323.52"
"58","2011-04-03","2011-04-03 09:16:22","58","29351.56","Deposit from bank account","29351.56"
"59","2002-04-26","2002-04-26 15:10:45","59","36529.87","Deposit from bank account","36529.87"
"60","1984-11-03","1984-11-03 00:45:15","60","20538.08","Deposit from bank account","20538.08"
"61","1995-09-08","1995-09-08 04:10:50","61","29838.33","Deposit from bank account","29838.33"
"62","1998-07-05","1998-07-05 15:27:05","62","26915.16","Deposit from bank account","26915.16"
"63","2012-10-19","2012-10-19 11:38:13","63","39252.80","Deposit from bank account","39252.80"
"64","1979-11-08","1979-11-08 05:56:57","64","24813.56","Deposit from bank account","24813.56"
"65","1989-03-30","1989-03-30 09:06:19","65","28564.20","Deposit from bank account","28564.20"
"66","2019-12-06","2019-12-06 22:45:25","66","22493.47","Deposit from bank account","22493.47"
"67","2012-09-09","2012-09-09 14:32:49","67","19979.78","Deposit from bank account","19979.78"
"68","2011-05-03","2011-05-03 09:39:12","68","22261.58","Deposit from bank account","22261.58"
"69","1975-12-26","1975-12-26 02:17:24","69","36460.19","Deposit from bank account","36460.19"
"70","1987-05-29","1987-05-29 21:10:49","70","14441.34","Deposit from bank account","14441.34"
"71","1988-11-21","1988-11-21 00:39:39","71","14402.27","Deposit from bank account","14402.27"
"72","1988-04-14","1988-04-14 08:31:54","72","38788.52","Deposit from bank account","38788.52"
"73","1991-07-17","1991-07-17 15:31:57","73","29849.99","Deposit from bank account","29849.99"
"74","1995-06-13","1995-06-13 08:21:11","74","10509.34","Deposit from bank account","10509.34"
"75","2008-12-27","2008-12-27 20:17:28","75","14632.79","Deposit from bank account","14632.79"
"76","2008-01-16","2008-01-16 05:56:28","76","12862.45","Deposit from bank account","12862.45"
"77","1988-01-17","1988-01-17 01:52:08","77","45958.39","Deposit from bank account","45958.39"
"78","1972-10-12","1972-10-12 08:43:09","78","17978.50","Deposit from bank account","17978.50"
"79","1989-11-30","1989-11-30 13:46:56","79","31422.65","Deposit from bank account","31422.65"
"80","2011-02-05","2011-02-05 19:15:06","80","34046.52","Deposit from bank account","34046.52"
"81","1981-04-15","1981-04-15 20:59:42","81","39021.30","Deposit from bank account","39021.30"
"82","2017-03-19","2017-03-19 21:52:21","82","20476.34","Deposit from bank account","20476.34"
"83","2014-10-23","2014-10-23 00:41:56","83","22015.77","Deposit from bank account","22015.77"
"84","1995-04-04","1995-04-04 13:03:25","84","19802.25","Deposit from bank account","19802.25"
"85","1971-12-08","1971-12-08 15:25:25","85","35150.04","Deposit from bank account","35150.04"
"86","2018-01-01","2018-01-01 10:53:58","86","24049.63","Deposit from bank account","24049.63"
"87","1972-08-15","1972-08-15 02:27:28","87","38739.17","Deposit from bank account","38739.17"
"88","2005-04-27","2005-04-27 07:37:25","88","35267.13","Deposit from bank account","35267.13"
"89","1974-10-25","1974-10-25 20:07:06","89","31976.36","Deposit from bank account","31976.36"
"90","2021-09-13","2021-09-13 10:40:52","90","13814.61","Deposit from bank account","13814.61"
"91","2021-10-30","2021-10-30 18:13:14","91","43341.71","Deposit from bank account","43341.71"
"92","2020-06-09","2020-06-09 15:20:43","92","13795.14","Deposit from bank account","13795.14"
"93","2002-11-08","2002-11-08 20:21:45","93","27439.81","Deposit from bank account","27439.81"
"94","1995-08-01","1995-08-01 16:18:25","94","48535.59","Deposit from bank account","48535.59"
"95","1981-09-03","1981-09-03 20:45:44","95","18558.57","Deposit from bank account","18558.57"
"96","1993-01-10","1993-01-10 13:13:18","96","20722.28","Deposit from bank account","20722.28"
"97","1996-10-20","1996-10-20 07:55:24","97","10846.85","Deposit from bank account","10846.85"
"98","1981-01-09","1981-01-09 08:04:55","98","24727.51","Deposit from bank account","24727.51"
"99","2001-02-03","2001-02-03 16:55:48","99","45056.15","Deposit from bank account","45056.15"
"100","1982-01-05","1982-01-05 13:55:55","0","-172.68","Purchase","26171.01"
"101","1982-01-05","1982-01-05 13:59:18","37","172.68","Sale of product 3725","26343.69"
"102","1984-11-14","1984-11-14 17:14:47","1","-5715.44","Purchase","20786.93"
"103","1984-11-14","1984-11-14 23:29:40","63","1900.3200000000002","Sale of product 3035","22687.25"
"104","1984-11-14","1984-11-14 07:38:30","16","1914.64","Sale of product 453","22701.57"
"105","1984-11-14","1984-11-14 18:48:05","75","1711.5","Sale of product 2382","22498.43"
"106","1984-11-14","1984-11-14 16:35:11","38","188.98","Sale of product 1705","20975.91"
"107","1997-07-05","1997-07-05 14:44:08","2","-2442.4","Purchase","16134.88"
"108","1997-07-05","1997-07-05 15:20:26","49","2442.4","Sale of product 4267","18577.28"
"109","2011-01-12","2011-01-12 19:36:21","3","-7406.300000000001","Purchase","11408.03"
"110","2011-01-12","2011-01-12 11:05:07","58","266.48","Sale of product 3054","11674.51"
"111","2011-01-12","2011-01-12 18:07:58","26","4807.900000000001","Sale of product 2071","16215.93"
"112","2011-01-12","2011-01-12 16:18:06","62","382.32","Sale of product 4225","11790.35"
"113","2011-01-12","2011-01-12 02:50:26","15","1949.6","Sale of product 4326","13357.630000000001"
"114","2006-08-28","2006-08-28 00:15:49","4","-3348.1099999999997","Purchase","37465.909999999996"
"115","2006-08-28","2006-08-28 17:37:52","23","1261.48","Sale of product 1119","38727.39"
"116","2006-08-28","2006-08-28 02:42:07","85","2086.6299999999997","Sale of product 3598","39552.53999999999"
"117","1991-06-05","1991-06-05 19:00:13","5","-2838.83","Purchase","8385.5"
"118","1991-06-05","1991-06-05 01:08:44","54","149.42","Sale of product 265","8534.92"
"119","1991-06-05","1991-06-05 11:47:30","35","2295.0","Sale of product 3002","10680.5"
"120","1991-06-05","1991-06-05 02:22:57","78","394.41","Sale of product 4941","8779.91"
"121","1977-03-20","1977-03-20 19:58:27","6","-5815.23","Purchase","4531.58"
"122","1977-03-20","1977-03-20 08:12:36","57","2290.0","Sale of product 33","6821.58"
"123","1977-03-20","1977-03-20 00:37:23","70","2156.67","Sale of product 1818","6688.25"
"124","1977-03-20","1977-03-20 14:00:27","65","1368.56","Sale of product 3685","5900.139999999999"
"125","2013-01-08","2013-01-08 06:30:45","7","-2201.12","Purchase","36582.84"
"126","2013-01-08","2013-01-08 12:55:47","14","908.4000000000001","Sale of product 897","37491.24"
"127","2013-01-08","2013-01-08 19:52:52","71","1292.72","Sale of product 3494","37875.56"
"128","2012-05-26","2012-05-26 00:15:04","8","-1495.96","Purchase","44770.520000000004"
"129","2012-05-26","2012-05-26 07:40:38","85","182.24","Sale of product 2892","44952.76"
"130","2012-05-26","2012-05-26 01:25:40","82","651.56","Sale of product 762","45422.08"
"131","2012-05-26","2012-05-26 23:57:17","70","474.03","Sale of product 1994","45244.55"
"132","2012-05-26","2012-05-26 16:49:53","77","188.13","Sale of product 3314","44958.65"
"133","1979-01-17","1979-01-17 09:31:08","9","-3842.33","Purchase","7699.85"
"134","1979-01-17","1979-01-17 13:45:06","78","558.68","Sale of product 4294","8258.53"
"135","1979-01-17","1979-01-17 16:59:25","12","656.1899999999999","Sale of product 2063","8356.04"
"136","1979-01-17","1979-01-17 07:56:52","91","2627.46","Sale of product 434","10327.310000000001"
"137","1987-10-29","1987-10-29 01:46:01","10","-5308.3099999999995","Purchase","16667.129999999997"
"138","1987-10-29","1987-10-29 18:20:08","64","2406.15","Sale of product 861","19073.28"
"139","1987-10-29","1987-10-29 16:13:26","90","2902.16","Sale of product 2394","19569.289999999997"
"140","1978-05-03","1978-05-03 05:09:20","11","-9347.230000000001","Purchase","26016.689999999995"
"141","1978-05-03","1978-05-03 18:51:15","93","1741.1000000000001","Sale of product 927","27757.789999999994"
"142","1978-05-03","1978-05-03 20:52:49","14","2694.9300000000003","Sale of product 2134","28711.619999999995"
"143","1978-05-03","1978-05-03 02:08:15","13","1646.89","Sale of product 3420","27663.579999999994"
"144","1978-05-03","1978-05-03 23:46:56","76","128.31","Sale of product 4739","26144.999999999996"
"145","1978-05-03","1978-05-03 06:03:31","85","3136.0","Sale of product 1085","29152.689999999995"
"146","2014-12-13","2014-12-13 12:56:14","12","-8802.13","Purchase","19122.410000000003"
"147","2014-12-13","2014-12-13 05:39:34","79","2891.79","Sale of product 1161","22014.200000000004"
"148","2014-12-13","2014-12-13 17:35:50","31","3592.08","Sale of product 3461","22714.490000000005"
"149","2014-12-13","2014-12-13 02:04:58","18","1119.84","Sale of product 988","20242.250000000004"
"150","2014-12-13","2014-12-13 13:05:24","50","482.94","Sale of product 4651","19605.350000000002"
"151","2014-12-13","2014-12-13 21:26:21","31","715.48","Sale of product 2725","19837.890000000003"
"152","1988-12-10","1988-12-10 18:21:06","13","-2147.67","Purchase","53651.23"
"153","1988-12-10","1988-12-10 19:42:24","91","2147.67","Sale of product 3920","55798.9"
"154","2005-01-11","2005-01-11 12:55:15","14","-5459.62","Purchase","38989.8"
"155","2005-01-11","2005-01-11 23:45:19","80","723.0","Sale of product 4288","39712.8"
"156","2005-01-11","2005-01-11 14:22:21","98","1789.56","Sale of product 376","40779.36"
"157","2005-01-11","2005-01-11 13:51:14","65","2169.2999999999997","Sale of product 1969","41159.100000000006"
"158","2005-01-11","2005-01-11 01:03:12","95","777.76","Sale of product 3667","39767.560000000005"
"159","2022-01-29","2022-01-29 15:15:49","15","-3390.31","Purchase","18825.19"
"160","2022-01-29","2022-01-29 14:13:24","74","33.76","Sale of product 2927","18858.949999999997"
"161","2022-01-29","2022-01-29 07:06:48","28","3356.5499999999997","Sale of product 4608","22181.739999999998"
"162","2002-05-17","2002-05-17 07:56:52","16","-704.0600000000001","Purchase","20934.899999999998"
"163","2002-05-17","2002-05-17 04:25:28","50","489.41","Sale of product 2310","21424.309999999998"
"164","2002-05-17","2002-05-17 19:46:39","61","214.65","Sale of product 2593","21149.55"
"165","1993-12-05","1993-12-05 17:49:01","17","-5855.63","Purchase","14549.849999999999"
"166","1993-12-05","1993-12-05 05:11:36","23","2838.33","Sale of product 1119","17388.18"
"167","1993-12-05","1993-12-05 17:35:13","53","3017.3","Sale of product 392","17567.149999999998"
"168","2001-06-19","2001-06-19 14:18:36","18","-6243.32","Purchase","40908.68"
"169","2001-06-19","2001-06-19 07:27:59","34","827.98","Sale of product 2287","41736.66"
"170","2001-06-19","2001-06-19 09:17:01","46","2038.19","Sale of product 4350","42946.87"
"171","2001-06-19","2001-06-19 23:05:35","75","1711.5","Sale of product 2382","42620.18"
"172","2001-06-19","2001-06-19 23:40:54","69","1665.65","Sale of product 2960","42574.33"
"173","2008-11-01","2008-11-01 00:43:50","19","-7966.249999999999","Purchase","34256.51"
"174","2008-11-01","2008-11-01 14:10:32","78","1239.27","Sale of product 3581","35495.78"
"175","2008-11-01","2008-11-01 14:10:58","12","4457.7","Sale of product 77","38714.21"
"176","2008-11-01","2008-11-01 00:33:30","10","855.4499999999999","Sale of product 3264","35111.96"
"177","2008-11-01","2008-11-01 01:49:46","95","60.550000000000004","Sale of product 707","34317.060000000005"
"178","2008-11-01","2008-11-01 05:02:02","56","1353.28","Sale of product 1449","35609.79"
"179","2007-07-05","2007-07-05 22:56:08","20","-4291.57","Purchase","37403.11"
"180","2007-07-05","2007-07-05 12:15:42","32","161.12","Sale of product 3009","37564.23"
"181","2007-07-05","2007-07-05 20:58:02","27","1496.39","Sale of product 4115","38899.5"
"182","2007-07-05","2007-07-05 12:55:14","23","406.7","Sale of product 2048","37809.81"
"183","2007-07-05","2007-07-05 15:59:52","60","1567.6799999999998","Sale of product 1841","38970.79"
"184","2007-07-05","2007-07-05 14:46:30","24","659.68","Sale of product 3864","38062.79"
"185","1972-08-08","1972-08-08 06:17:00","21","-2494.64","Purchase","23148.760000000002"
"186","1972-08-08","1972-08-08 00:20:04","7","988.76","Sale of product 4729","24137.52"
"187","1972-08-08","1972-08-08 00:04:17","57","1505.8799999999999","Sale of product 658","24654.640000000003"
"188","1980-12-05","1980-12-05 06:36:30","22","-5086.84","Purchase","41329.770000000004"
"189","1980-12-05","1980-12-05 06:27:28","99","1134.76","Sale of product 3322","42464.530000000006"
"190","1980-12-05","1980-12-05 09:29:46","52","3952.08","Sale of product 2106","45281.850000000006"
"191","1971-06-09","1971-06-09 01:59:39","23","-853.1999999999999","Purchase","27368.67"
"192","1971-06-09","1971-06-09 17:26:47","18","853.1999999999999","Sale of product 1623","28221.87"
"193","1980-08-17","1980-08-17 07:36:40","24","-6263.280000000001","Purchase","37804.68"
"194","1980-08-17","1980-08-17 22:06:19","98","1936.17","Sale of product 1732","39740.85"
"195","1980-08-17","1980-08-17 15:01:51","26","4327.110000000001","Sale of product 2071","42131.79"
"196","2013-03-19","2013-03-19 14:57:06","25","-5449.1900000000005","Purchase","31505.28"
"197","2013-03-19","2013-03-19 06:38:05","15","789.06","Sale of product 4286","32294.34"
"198","2013-03-19","2013-03-19 06:30:08","13","3355.94","Sale of product 1751","34861.22"
"199","2013-03-19","2013-03-19 13:24:44","42","1304.19","Sale of product 1156","32809.47"
"200","2008-08-01","2008-08-01 06:57:24","26","-4150.01","Purchase","28669.079999999994"
"201","2008-08-01","2008-08-01 00:38:49","77","2728.04","Sale of product 3567","31397.119999999995"
"202","2008-08-01","2008-08-01 13:57:54","29","530.46","Sale of product 18","29199.539999999994"
"203","2008-08-01","2008-08-01 06:05:38","77","891.51","Sale of product 3589","29560.589999999993"
"204","1973-08-09","1973-08-09 09:36:43","27","-4456.95","Purchase","40023.380000000005"
"205","1973-08-09","1973-08-09 08:50:18","54","1366.24","Sale of product 346","41389.62"
"206","1973-08-09","1973-08-09 14:37:40","28","1486.25","Sale of product 3410","41509.630000000005"
"207","1973-08-09","1973-08-09 09:16:22","78","199.86","Sale of product 4977","40223.240000000005"
"208","1973-08-09","1973-08-09 16:20:28","84","1404.6","Sale of product 1031","41427.98"
"209","1997-02-21","1997-02-21 16:40:17","28","-944.88","Purchase","40152.149999999994"
"210","1997-02-21","1997-02-21 23:22:46","75","944.88","Sale of product 4285","41097.02999999999"
"211","2018-05-14","2018-05-14 05:28:05","29","-4822.070000000001","Purchase","34367.670000000006"
"212","2018-05-14","2018-05-14 10:03:49","5","1390.8000000000002","Sale of product 2040","35758.47000000001"
"213","2018-05-14","2018-05-14 01:20:41","23","2672.0099999999998","Sale of product 4800","37039.68000000001"
"214","2018-05-14","2018-05-14 08:11:46","78","400.40999999999997","Sale of product 2089","34768.08000000001"
"215","2018-05-14","2018-05-14 02:05:48","13","280.0","Sale of product 4414","34647.670000000006"
"216","2018-05-14","2018-05-14 18:43:55","48","78.85","Sale of product 2389","34446.520000000004"
"217","1995-09-22","1995-09-22 12:48:19","30","-3588.34","Purchase","28517.76"
"218","1995-09-22","1995-09-22 05:00:41","82","2423.04","Sale of product 4881","30940.8"
"219","1995-09-22","1995-09-22 18:16:22","21","1165.3","Sale of product 4103","29683.059999999998"
"220","1980-03-16","1980-03-16 10:55:25","31","-2803.2000000000003","Purchase","45300.95"
"221","1980-03-16","1980-03-16 11:00:57","51","461.1","Sale of product 1810","45762.049999999996"
"222","1980-03-16","1980-03-16 08:41:02","82","208.38","Sale of product 3441","45509.329999999994"
"223","1980-03-16","1980-03-16 11:57:48","37","2133.7200000000003","Sale of product 1034","47434.67"
"224","2013-06-13","2013-06-13 17:32:33","32","-7883.06","Purchase","37425.91"
"225","2013-06-13","2013-06-13 23:33:16","76","2777.46","Sale of product 2065","40203.37"
"226","2013-06-13","2013-06-13 18:49:51","84","2149.7000000000003","Sale of product 2225","39575.61"
"227","2013-06-13","2013-06-13 11:45:40","96","1507.5","Sale of product 1391","38933.41"
"228","2013-06-13","2013-06-13 18:26:14","30","873.72","Sale of product 4613","38299.630000000005"
"229","2013-06-13","2013-06-13 04:47:13","67","574.68","Sale of product 1504","38000.590000000004"
"230","1998-09-02","1998-09-02 18:30:46","33","-1607.8","Purchase","41032.2"
"231","1998-09-02","1998-09-02 04:04:58","84","1607.8","Sale of product 1012","42640.0"
"232","2002-01-13","2002-01-13 11:58:13","34","-7023.07","Purchase","43497.81"
"233","2002-01-13","2002-01-13 22:48:01","51","1635.0","Sale of product 4023","45132.81"
"234","2002-01-13","2002-01-13 21:38:07","85","2503.83","Sale of product 1325","46001.64"
"235","2002-01-13","2002-01-13 17:51:39","62","764.64","Sale of product 4225","44262.45"
"236","2002-01-13","2002-01-13 12:39:10","14","2119.6","Sale of product 897","45617.409999999996"
"237","2007-12-01","2007-12-01 08:14:43","35","-3450.2400000000002","Purchase","11643.64"
"238","2007-12-01","2007-12-01 03:23:05","75","2678.7","Sale of product 1471","14322.34"
"239","2007-12-01","2007-12-01 06:16:03","1","404.72","Sale of product 3270","12048.359999999999"
"240","2007-12-01","2007-12-01 06:59:40","65","366.82","Sale of product 1935","12010.46"
"241","1970-08-12","1970-08-12 00:01:20","36","-2554.98","Purchase","30903.109999999997"
"242","1970-08-12","1970-08-12 09:02:28","12","214.60000000000002","Sale of product 1468","31117.709999999995"
"243","1970-08-12","1970-08-12 13:52:23","45","885.88","Sale of product 3799","31788.989999999998"
"244","1970-08-12","1970-08-12 21:09:33","23","1454.5","Sale of product 126","32357.609999999997"
"245","1996-05-12","1996-05-12 18:46:45","37","-11825.369999999999","Purchase","27113.959999999995"
"246","1996-05-12","1996-05-12 04:55:06","73","4446.0","Sale of product 2630","31559.959999999995"
"247","1996-05-12","1996-05-12 18:59:31","4","2196.8999999999996","Sale of product 4160","29310.859999999993"
"248","1996-05-12","1996-05-12 08:59:19","10","2479.2","Sale of product 2909","29593.159999999996"
"249","1996-05-12","1996-05-12 02:49:53","72","1357.11","Sale of product 4341","28471.069999999996"
"250","1996-05-12","1996-05-12 22:16:06","16","1346.16","Sale of product 1088","28460.119999999995"
"251","1986-10-10","1986-10-10 08:52:44","38","-5512.73","Purchase","22238.21"
"252","1986-10-10","1986-10-10 13:40:14","55","1998.56","Sale of product 2594","24236.77"
"253","1986-10-10","1986-10-10 19:09:05","65","733.64","Sale of product 1935","22971.85"
"254","1986-10-10","1986-10-10 08:10:49","66","249.61","Sale of product 3194","22487.82"
"255","1986-10-10","1986-10-10 05:13:41","14","2530.92","Sale of product 4281","24769.129999999997"
"256","2007-04-15","2007-04-15 06:05:11","39","-10801.21","Purchase","30479.260000000002"
"257","2007-04-15","2007-04-15 16:18:37","10","4081.6000000000004","Sale of product 3586","34560.86"
"258","2007-04-15","2007-04-15 14:00:39","99","314.37","Sale of product 974","30793.63"
"259","2007-04-15","2007-04-15 03:07:42","0","3207.33","Sale of product 3737","33686.590000000004"
"260","2007-04-15","2007-04-15 10:36:20","3","1768.86","Sale of product 3145","32248.120000000003"
"261","2007-04-15","2007-04-15 16:15:29","23","1429.0500000000002","Sale of product 4945","31908.31"
"262","1979-07-06","1979-07-06 12:56:41","40","-247.0","Purchase","35761.39"
"263","1979-07-06","1979-07-06 02:47:00","88","247.0","Sale of product 1857","36008.39"
"264","2015-11-07","2015-11-07 17:38:51","41","-5550.790000000001","Purchase","25924.219999999998"
"265","2015-11-07","2015-11-07 09:37:43","7","319.3","Sale of product 1183","26243.519999999997"
"266","2015-11-07","2015-11-07 23:43:19","30","1886.3999999999999","Sale of product 544","27810.62"
"267","2015-11-07","2015-11-07 02:17:38","39","59.84","Sale of product 1281","25984.059999999998"
"268","2015-11-07","2015-11-07 22:58:11","51","2040.4","Sale of product 261","27964.62"
"269","2015-11-07","2015-11-07 22:00:12","16","1244.85","Sale of product 1360","27169.069999999996"
"270","2002-11-14","2002-11-14 11:54:20","42","-224.16","Purchase","54350.01"
"271","2002-11-14","2002-11-14 07:00:08","26","224.16","Sale of product 4780","54574.170000000006"
"272","2003-10-21","2003-10-21 20:25:59","43","-4374.79","Purchase","22465.92"
"273","2003-10-21","2003-10-21 11:31:44","6","2651.53","Sale of product 1931","25117.449999999997"
"274","2003-10-21","2003-10-21 00:06:34","65","1723.2599999999998","Sale of product 2663","24189.179999999997"
"275","2017-07-21","2017-07-21 10:12:53","44","-5653.139999999999","Purchase","28423.410000000003"
"276","2017-07-21","2017-07-21 07:41:16","70","393.38","Sale of product 703","28816.790000000005"
"277","2017-07-21","2017-07-21 03:09:13","48","2242.6","Sale of product 1726","30666.010000000002"
"278","2017-07-21","2017-07-21 14:03:40","2","3017.16","Sale of product 2808","31440.570000000003"
"279","2010-03-25","2010-03-25 11:38:10","45","-10315.39","Purchase","33128.01"
"280","2010-03-25","2010-03-25 22:05:00","47","3471.86","Sale of product 4933","36599.87"
"281","2010-03-25","2010-03-25 15:31:39","82","1336.72","Sale of product 4208","34464.73"
"282","2010-03-25","2010-03-25 09:42:31","95","4029.57","Sale of product 3855","37157.58"
"283","2010-03-25","2010-03-25 20:30:02","82","1072.65","Sale of product 2660","34200.66"
"284","2010-03-25","2010-03-25 13:26:36","53","404.59","Sale of product 841","33532.6"
"285","1979-03-15","1979-03-15 11:43:12","46","-4388.929999999999","Purchase","45345.88"
"286","1979-03-15","1979-03-15 05:00:48","3","865.64","Sale of product 1947","46211.52"
"287","1979-03-15","1979-03-15 11:48:20","77","2450.6","Sale of product 4074","47796.479999999996"
"288","1979-03-15","1979-03-15 11:26:19","93","120.42","Sale of product 3176","45466.299999999996"
"289","1979-03-15","1979-03-15 22:42:04","54","734.56","Sale of product 4858","46080.439999999995"
"290","1979-03-15","1979-03-15 08:43:57","97","217.71","Sale of product 3884","45563.59"
"291","1985-03-30","1985-03-30 16:57:49","47","-4505.35","Purchase","35954.780000000006"
"292","1985-03-30","1985-03-30 02:38:23","50","1179.72","Sale of product 4179","37134.50000000001"
"293","1985-03-30","1985-03-30 23:14:54","32","614.07","Sale of product 3878","36568.850000000006"
"294","1985-03-30","1985-03-30 17:33:44","30","2165.58","Sale of product 731","38120.36000000001"
"295","1985-03-30","1985-03-30 21:29:21","35","545.98","Sale of product 2688","36500.76000000001"
"296","1992-09-10","1992-09-10 06:56:02","48","-1365.4499999999998","Purchase","30571.199999999997"
"297","1992-09-10","1992-09-10 15:02:23","94","1365.4499999999998","Sale of product 934","31936.649999999998"
"298","1988-09-02","1988-09-02 10:10:59","49","-7007.4400000000005","Purchase","17806.83"
"299","1988-09-02","1988-09-02 14:56:52","69","2315.3","Sale of product 695","20122.13"
"300","1988-09-02","1988-09-02 00:35:38","35","495.75","Sale of product 874","18302.58"
"301","1988-09-02","1988-09-02 10:20:15","2","1340.96","Sale of product 2808","19147.79"
"302","1988-09-02","1988-09-02 09:26:46","44","1297.72","Sale of product 908","19104.550000000003"
"303","1988-09-02","1988-09-02 06:45:43","46","1557.71","Sale of product 4938","19364.54"
"304","1980-09-29","1980-09-29 07:10:01","50","-3709.7","Purchase","51867.17999999999"
"305","1980-09-29","1980-09-29 12:29:37","16","208.56","Sale of product 585","52075.73999999999"
"306","1980-09-29","1980-09-29 14:11:16","39","55.92","Sale of product 1130","51923.09999999999"
"307","1980-09-29","1980-09-29 15:08:47","35","775.52","Sale of product 1287","52642.69999999999"
"308","1980-09-29","1980-09-29 07:49:44","29","2435.0","Sale of product 4392","54302.17999999999"
"309","1980-09-29","1980-09-29 02:38:06","24","234.7","Sale of product 1553","52101.87999999999"
"310","1981-11-09","1981-11-09 14:18:59","51","-8874.630000000001","Purchase","47903.53"
"311","1981-11-09","1981-11-09 05:05:24","58","3006.78","Sale of product 4446","50910.31"
"312","1981-11-09","1981-11-09 17:10:00","41","2463.3","Sale of product 3808","50366.83"
"313","1981-11-09","1981-11-09 15:03:33","64","1620.2","Sale of product 2192","49523.729999999996"
"314","1981-11-09","1981-11-09 22:19:12","35","1423.83","Sale of product 1666","49327.36"
"315","1981-11-09","1981-11-09 04:58:32","20","360.52","Sale of product 4786","48264.049999999996"
"316","1998-08-03","1998-08-03 16:20:53","52","-1454.6599999999999","Purchase","44136.97"
"317","1998-08-03","1998-08-03 10:18:38","29","376.34","Sale of product 4559","44513.31"
"318","1998-08-03","1998-08-03 00:14:12","62","1078.32","Sale of product 1400","45215.29"
"319","1977-05-13","1977-05-13 04:06:24","53","-1371.9","Purchase","31593.799999999996"
"320","1977-05-13","1977-05-13 22:51:59","40","423.0","Sale of product 2137","32016.799999999996"
"321","1977-05-13","1977-05-13 02:16:47","55","948.9000000000001","Sale of product 3957","32542.699999999997"
"322","1989-10-05","1989-10-05 05:04:53","54","-4277.27","Purchase","36845.58"
"323","1989-10-05","1989-10-05 14:29:18","13","829.7800000000001","Sale of product 4628","37675.36"
"324","1989-10-05","1989-10-05 17:09:57","57","417.58","Sale of product 550","37263.16"
"325","1989-10-05","1989-10-05 19:02:27","93","2110.95","Sale of product 4144","38956.53"
"326","1989-10-05","1989-10-05 18:45:52","66","123.06","Sale of product 2422","36968.64"
"327","1989-10-05","1989-10-05 17:23:34","97","795.9000000000001","Sale of product 4859","37641.48"
"328","1991-01-21","1991-01-21 20:00:11","55","-5750.43","Purchase","33354.520000000004"
"329","1991-01-21","1991-01-21 19:56:18","37","43.17","Sale of product 3725","33397.69"
"330","1991-01-21","1991-01-21 07:00:40","27","2482.38","Sale of product 1620","35836.9"
"331","1991-01-21","1991-01-21 12:45:03","81","1756.92","Sale of product 3283","35111.44"
"332","1991-01-21","1991-01-21 14:12:10","80","1467.96","Sale of product 4465","34822.48"
"333","1991-05-17","1991-05-17 18:28:24","56","-1298.96","Purchase","43791.090000000004"
"334","1991-05-17","1991-05-17 04:42:15","45","42.88","Sale of product 349","43833.97"
"335","1991-05-17","1991-05-17 05:11:05","54","245.72","Sale of product 2690","44036.810000000005"
"336","1991-05-17","1991-05-17 01:07:42","86","435.51","Sale of product 3302","44226.600000000006"
"337","1991-05-17","1991-05-17 22:48:07","38","574.85","Sale of product 4495","44365.94"
"338","1981-11-03","1981-11-03 23:10:29","57","-4671.38","Purchase","30239.280000000002"
"339","1981-11-03","1981-11-03 22:25:09","84","1613.0500000000002","Sale of product 3767","31852.33"
"340","1981-11-03","1981-11-03 10:38:16","16","1723.12","Sale of product 622","31962.4"
"341","1981-11-03","1981-11-03 02:25:44","70","1335.21","Sale of product 3576","31574.49"
"342","2018-04-08","2018-04-08 04:53:18","58","-5039.87","Purchase","40592.62"
"343","2018-04-08","2018-04-08 11:52:57","82","558.6","Sale of product 4728","41151.22"
"344","2018-04-08","2018-04-08 16:36:02","1","2197.85","Sale of product 2320","42790.47"
"345","2018-04-08","2018-04-08 14:43:42","64","1362.72","Sale of product 287","41955.340000000004"
"346","2018-04-08","2018-04-08 03:16:32","41","920.6999999999999","Sale of product 4339","41513.32"
"347","1996-03-26","1996-03-26 17:03:27","59","-5594.6","Purchase","30935.270000000004"
"348","1996-03-26","1996-03-26 22:25:12","19","1389.1999999999998","Sale of product 4776","32324.470000000005"
"349","1996-03-26","1996-03-26 04:33:12","78","3381.84","Sale of product 1398","34317.11"
"350","1996-03-26","1996-03-26 01:23:50","38","823.56","Sale of product 457","31758.830000000005"
"351","2016-02-26","2016-02-26 18:55:57","60","-4298.32","Purchase","20531.33"
"352","2016-02-26","2016-02-26 04:32:08","2","154.02","Sale of product 1911","20685.350000000002"
"353","2016-02-26","2016-02-26 00:14:04","50","610.44","Sale of product 3080","21141.77"
"354","2016-02-26","2016-02-26 13:10:28","98","1084.68","Sale of product 245","21616.010000000002"
"355","2016-02-26","2016-02-26 03:52:47","74","477.67999999999995","Sale of product 4638","21009.010000000002"
"356","2016-02-26","2016-02-26 14:34:54","78","1971.5","Sale of product 2931","22502.83"
"357","1982-05-03","1982-05-03 13:28:08","61","-13524.07","Purchase","17018.320000000003"
"358","1982-05-03","1982-05-03 10:33:35","94","2811.9","Sale of product 1860","19830.220000000005"
"359","1982-05-03","1982-05-03 09:43:04","41","4926.6","Sale of product 3808","21944.920000000006"
"360","1982-05-03","1982-05-03 16:28:11","23","3239.64","Sale of product 1619","20257.960000000003"
"361","1982-05-03","1982-05-03 15:46:34","1","942.88","Sale of product 3768","17961.200000000004"
"362","1982-05-03","1982-05-03 11:04:24","3","1603.0500000000002","Sale of product 111","18621.370000000003"
"363","2003-11-04","2003-11-04 22:08:13","62","-8175.480000000001","Purchase","34623.71"
"364","2003-11-04","2003-11-04 07:37:37","34","241.68","Sale of product 2912","34865.39"
"365","2003-11-04","2003-11-04 04:47:44","49","3894.1000000000004","Sale of product 1157","38517.81"
"366","2003-11-04","2003-11-04 20:24:04","9","4039.7000000000003","Sale of product 4375","38663.409999999996"
"367","2002-11-09","2002-11-09 08:30:53","63","-2083.27","Purchase","42884.97000000001"
"368","2002-11-09","2002-11-09 07:09:44","72","151.98","Sale of product 3524","43036.95000000001"
"369","2002-11-09","2002-11-09 08:22:31","44","1377.74","Sale of product 3053","44262.71000000001"
"370","2002-11-09","2002-11-09 04:37:32","58","553.55","Sale of product 2836","43438.52000000001"
"371","1993-02-15","1993-02-15 13:06:29","64","-1536.62","Purchase","42499.75"
"372","1993-02-15","1993-02-15 13:57:15","78","899.36","Sale of product 2458","43399.11"
"373","1993-02-15","1993-02-15 00:20:38","5","444.96","Sale of product 4566","42944.71"
"374","1993-02-15","1993-02-15 20:05:32","25","192.3","Sale of product 1258","42692.05"
"375","1991-08-09","1991-08-09 22:10:00","65","-1622.15","Purchase","51554.66"
"376","1991-08-09","1991-08-09 10:13:00","44","1622.15","Sale of product 908","53176.810000000005"
"377","1978-11-03","1978-11-03 10:32:18","66","-2651.76","Purchase","29631.71"
"378","1978-11-03","1978-11-03 03:13:39","38","1873.95","Sale of product 2625","31505.66"
"379","1978-11-03","1978-11-03 08:58:24","51","777.81","Sale of product 3664","30409.52"
"380","2016-07-24","2016-07-24 20:08:12","67","-4911.34","Purchase","22951.5"
"381","2016-07-24","2016-07-24 20:37:12","55","1630.12","Sale of product 3431","24581.62"
"382","2016-07-24","2016-07-24 23:40:34","26","504.36","Sale of product 4780","23455.86"
"383","2016-07-24","2016-07-24 23:21:42","89","369.9","Sale of product 365","23321.4"
"384","2016-07-24","2016-07-24 15:08:58","0","2406.96","Sale of product 2885","25358.46"
"385","1974-03-14","1974-03-14 03:58:03","68","-4472.6","Purchase","17788.980000000003"
"386","1974-03-14","1974-03-14 10:46:12","44","91.02","Sale of product 432","17880.000000000004"
"387","1974-03-14","1974-03-14 16:52:55","69","4028.8","Sale of product 2907","21817.780000000002"
"388","1974-03-14","1974-03-14 06:15:04","54","352.78","Sale of product 903","18141.760000000002"
"389","1988-12-13","1988-12-13 18:11:58","69","-7677.08","Purchase","46506.47"
"390","1988-12-13","1988-12-13 05:22:27","0","1339.1","Sale of product 473","47845.57"
"391","1988-12-13","1988-12-13 08:52:27","11","707.84","Sale of product 3166","47214.31"
"392","1988-12-13","1988-12-13 06:58:41","58","553.55","Sale of product 2836","47060.020000000004"
"393","1988-12-13","1988-12-13 16:19:11","79","1333.4","Sale of product 182","47839.87"
"394","1988-12-13","1988-12-13 05:23:41","86","3743.19","Sale of product 3251","50249.66"
"395","1979-02-27","1979-02-27 22:48:19","70","-3642.5","Purchase","28434.55"
"396","1979-02-27","1979-02-27 01:28:42","36","3642.5","Sale of product 3385","32077.05"
"397","2003-06-13","2003-06-13 08:32:52","71","-2720.52","Purchase","13882.869999999999"
"398","2003-06-13","2003-06-13 14:07:01","3","205.92","Sale of product 3565","14088.789999999999"
"399","2003-06-13","2003-06-13 01:32:11","40","552.1","Sale of product 1999","14434.97"
"400","2003-06-13","2003-06-13 20:02:23","9","1962.5","Sale of product 1263","15845.369999999999"
"401","2007-09-16","2007-09-16 14:21:07","72","-8664.66","Purchase","44032.5"
"402","2007-09-16","2007-09-16 04:17:38","99","2442.16","Sale of product 857","46474.66"
"403","2007-09-16","2007-09-16 13:46:12","59","2227.8","Sale of product 3178","46260.3"
"404","2007-09-16","2007-09-16 17:26:21","29","2954.72","Sale of product 922","46987.22"
"405","2007-09-16","2007-09-16 05:12:33","25","1039.98","Sale of product 2638","45072.48"
"406","1974-08-15","1974-08-15 23:07:44","73","-3858.57","Purchase","37816.79"
"407","1974-08-15","1974-08-15 10:33:44","45","946.32","Sale of product 3951","38763.11"
"408","1974-08-15","1974-08-15 01:20:22","83","1741.45","Sale of product 1248","39558.24"
"409","1974-08-15","1974-08-15 13:04:29","70","896.9","Sale of product 2959","38713.69"
"410","1974-08-15","1974-08-15 14:34:34","77","273.9","Sale of product 1495","38090.69"
"411","2014-05-24","2014-05-24 08:02:03","74","-5805.85","Purchase","12392.12"
"412","2014-05-24","2014-05-24 15:24:12","31","326.9","Sale of product 115","12719.02"
"413","2014-05-24","2014-05-24 03:22:34","29","2858.6000000000004","Sale of product 4927","15250.720000000001"
"414","2014-05-24","2014-05-24 19:11:15","96","2416.59","Sale of product 3845","14808.710000000001"
"415","2014-05-24","2014-05-24 18:50:57","44","203.76","Sale of product 4120","12595.880000000001"
"416","2004-06-06","2004-06-06 17:48:38","75","-1474.77","Purchase","29511.9"
"417","2004-06-06","2004-06-06 06:29:52","19","1474.77","Sale of product 3473","30986.670000000002"
"418","1994-09-16","1994-09-16 23:13:18","76","-7691.28","Purchase","22401.460000000003"
"419","1994-09-16","1994-09-16 14:09:32","50","1439.04","Sale of product 433","23840.500000000004"
"420","1994-09-16","1994-09-16 20:44:40","2","2640.5099999999998","Sale of product 348","25041.97"
"421","1994-09-16","1994-09-16 13:28:43","69","2817.85","Sale of product 984","25219.31"
"422","1994-09-16","1994-09-16 23:01:51","14","129.3","Sale of product 2144","22530.760000000002"
"423","1994-09-16","1994-09-16 04:55:43","97","664.5799999999999","Sale of product 2585","23066.04"
"424","1970-12-09","1970-12-09 06:51:57","77","-4092.5299999999997","Purchase","59909.340000000004"
"425","1970-12-09","1970-12-09 20:56:49","37","1380.24","Sale of product 594","61289.58"
"426","1970-12-09","1970-12-09 18:24:45","68","849.54","Sale of product 1700","60758.880000000005"
"427","1970-12-09","1970-12-09 00:46:30","40","607.6","Sale of product 1386","60516.94"
"428","1970-12-09","1970-12-09 03:41:24","13","57.55","Sale of product 1682","59966.89000000001"
"429","1970-12-09","1970-12-09 05:08:37","51","1197.6000000000001","Sale of product 4888","61106.94"
"430","2001-04-23","2001-04-23 11:42:02","78","-8053.689999999999","Purchase","45280.78"
"431","2001-04-23","2001-04-23 22:32:43","85","2980.8999999999996","Sale of product 3598","48261.68"
"432","2001-04-23","2001-04-23 14:44:52","39","6.99","Sale of product 1130","45287.77"
"433","2001-04-23","2001-04-23 10:54:28","49","1623.28","Sale of product 1373","46904.06"
"434","2001-04-23","2001-04-23 13:15:41","24","1576.6799999999998","Sale of product 399","46857.46"
"435","2001-04-23","2001-04-23 12:45:56","71","1865.84","Sale of product 641","47146.619999999995"
"436","2012-09-04","2012-09-04 23:13:34","79","-5885.299999999999","Purchase","42016.56"
"437","2012-09-04","2012-09-04 02:36:09","28","3997.7","Sale of product 781","46014.259999999995"
"438","2012-09-04","2012-09-04 17:23:20","58","1887.6","Sale of product 2865","43904.159999999996"
"439","1989-07-10","1989-07-10 23:15:54","80","-6224.87","Purchase","39031.7"
"440","1989-07-10","1989-07-10 07:16:27","80","517.41","Sale of product 512","39549.11"
"441","1989-07-10","1989-07-10 02:38:44","31","2857.19","Sale of product 612","48113.76"
"442","1989-07-10","1989-07-10 14:40:29","13","592.0","Sale of product 4229","45848.57"
"443","1989-07-10","1989-07-10 21:28:32","84","2258.27","Sale of product 3767","47514.84"
"444","2003-09-09","2003-09-09 23:20:45","81","-2892.8599999999997","Purchase","41878.87"
"445","2003-09-09","2003-09-09 10:45:10","83","301.68","Sale of product 4318","42180.55"
"446","2003-09-09","2003-09-09 14:50:43","33","127.26","Sale of product 3927","42006.130000000005"
"447","2003-09-09","2003-09-09 16:12:24","29","463.32","Sale of product 2235","42342.19"
"448","2003-09-09","2003-09-09 15:40:08","67","2000.6","Sale of product 4485","43879.47"
"449","1997-09-19","1997-09-19 18:41:46","82","-304.08000000000004","Purchase","53730.409999999996"
"450","1997-09-19","1997-09-19 00:51:26","3","266.1","Sale of product 2838","53996.509999999995"
"451","1997-09-19","1997-09-19 12:32:50","74","37.98","Sale of product 2927","53768.39"
"452","1990-10-04","1990-10-04 02:04:57","83","-4170.52","Purchase","24596.68"
"453","1990-10-04","1990-10-04 00:22:20","94","2495.9","Sale of product 3380","27092.58"
"454","1990-10-04","1990-10-04 03:18:46","81","231.85","Sale of product 1908","24828.53"
"455","1990-10-04","1990-10-04 21:40:13","29","1442.77","Sale of product 2696","26039.45"
"456","1972-05-30","1972-05-30 12:32:52","84","-7893.68","Purchase","36752.630000000005"
"457","1972-05-30","1972-05-30 20:39:26","36","1551.69","Sale of product 1624","38304.32000000001"
"458","1972-05-30","1972-05-30 21:37:23","75","1915.08","Sale of product 2626","38667.71000000001"
"459","1972-05-30","1972-05-30 14:01:49","62","3122.82","Sale of product 1366","39875.450000000004"
"460","1972-05-30","1972-05-30 21:13:08","96","893.8","Sale of product 784","37646.43000000001"
"461","1972-05-30","1972-05-30 11:58:21","37","410.29","Sale of product 1149","37162.920000000006"
"462","2004-10-31","2004-10-31 00:56:37","85","-7568.01","Purchase","56850.090000000004"
"463","2004-10-31","2004-10-31 08:33:26","30","198.16","Sale of product 4417","57048.25000000001"
"464","2004-10-31","2004-10-31 05:29:00","50","907.13","Sale of product 339","57757.22"
"465","2004-10-31","2004-10-31 22:27:58","95","1924.12","Sale of product 1236","58774.21000000001"
"466","2004-10-31","2004-10-31 17:57:24","54","4538.6","Sale of product 4010","61388.69"
"467","2018-03-11","2018-03-11 02:36:05","86","-626.55","Purchase","32399.12"
"468","2018-03-11","2018-03-11 23:34:44","85","626.55","Sale of product 4","33025.67"
"469","1982-03-29","1982-03-29 05:54:15","87","-6135.76","Purchase","32603.409999999996"
"470","1982-03-29","1982-03-29 14:07:58","79","475.18","Sale of product 2813","33078.59"
"471","1982-03-29","1982-03-29 18:41:39","37","893.08","Sale of product 2061","33496.49"
"472","1982-03-29","1982-03-29 09:28:05","84","682.26","Sale of product 3372","33285.67"
"473","1982-03-29","1982-03-29 05:01:00","56","3642.4","Sale of product 957","36245.81"
"474","1982-03-29","1982-03-29 07:01:23","58","442.84","Sale of product 2836","33046.24999999999"
"475","1971-05-01","1971-05-01 23:56:23","88","-560.65","Purchase","34953.479999999996"
"476","1971-05-01","1971-05-01 15:13:34","86","560.65","Sale of product 190","35514.13"
"477","1994-02-14","1994-02-14 22:33:09","89","-995.9200000000001","Purchase","35891.78"
"478","1994-02-14","1994-02-14 01:44:32","84","520.5","Sale of product 1108","36412.28"
"479","1994-02-14","1994-02-14 07:25:55","50","475.42","Sale of product 2098","36367.2"
"480","1978-02-07","1978-02-07 00:13:15","90","-7347.67","Purchase","11775.249999999998"
"481","1978-02-07","1978-02-07 06:46:23","50","1422.84","Sale of product 226","13198.089999999998"
"482","1978-02-07","1978-02-07 14:36:45","58","1807.36","Sale of product 846","13582.609999999999"
"483","1978-02-07","1978-02-07 13:17:27","22","243.55","Sale of product 4475","12018.799999999997"
"484","1978-02-07","1978-02-07 16:37:32","70","1994.16","Sale of product 4302","13769.409999999998"
"485","1978-02-07","1978-02-07 15:14:46","33","1879.76","Sale of product 4923","13655.009999999998"
"486","1984-10-08","1984-10-08 11:12:51","91","-5068.96","Purchase","44262.75"
"487","1984-10-08","1984-10-08 10:35:44","89","4646.8","Sale of product 1735","48909.55"
"488","1984-10-08","1984-10-08 08:19:31","28","422.16","Sale of product 1010","44684.91"
"489","1982-06-06","1982-06-06 06:33:47","92","-5599.08","Purchase","8196.06"
"490","1982-06-06","1982-06-06 16:05:32","5","2972.58","Sale of product 3300","11168.64"
"491","1982-06-06","1982-06-06 09:07:02","27","1035.24","Sale of product 3207","9231.3"
"492","1982-06-06","1982-06-06 10:27:21","80","191.36","Sale of product 4877","8387.42"
"493","1982-06-06","1982-06-06 08:33:29","95","790.8","Sale of product 4928","8986.859999999999"
"494","1982-06-06","1982-06-06 02:32:15","69","609.1","Sale of product 314","8805.16"
"495","1971-05-10","1971-05-10 15:43:26","93","-4271.96","Purchase","41181.280000000006"
"496","1971-05-10","1971-05-10 23:26:33","88","801.24","Sale of product 3374","41982.520000000004"
"497","1971-05-10","1971-05-10 01:55:24","27","3470.72","Sale of product 2339","44652.00000000001"
"498","1986-09-17","1986-09-17 22:19:15","94","-6301.32","Purchase","61294.30999999999"
"499","1986-09-17","1986-09-17 01:48:41","4","1653.78","Sale of product 1654","62948.08999999999"
"500","1986-09-17","1986-09-17 11:54:36","86","2660.31","Sale of product 1580","63954.61999999999"
"501","1986-09-17","1986-09-17 05:25:20","3","656.56","Sale of product 4296","61950.86999999999"
"502","1986-09-17","1986-09-17 02:31:54","68","600.5699999999999","Sale of product 2105","61894.87999999999"
"503","1986-09-17","1986-09-17 07:59:30","63","730.1","Sale of product 4277","62024.40999999999"
"504","2011-10-29","2011-10-29 20:34:54","95","-2981.2599999999998","Purchase","52485.66"
"505","2011-10-29","2011-10-29 13:31:09","23","1016.75","Sale of product 2048","53502.41"
"506","2011-10-29","2011-10-29 16:13:54","0","173.24","Sale of product 4200","52658.9"
"507","2011-10-29","2011-10-29 16:54:17","67","1005.6899999999999","Sale of product 1504","53491.350000000006"
"508","2011-10-29","2011-10-29 17:32:11","54","785.58","Sale of product 1695","53271.240000000005"
"509","1974-09-17","1974-09-17 18:20:19","96","-14552.880000000001","Purchase","27751.99"
"510","1974-09-17","1974-09-17 16:25:31","90","3409.8","Sale of product 69","31161.79"
"511","1974-09-17","1974-09-17 17:37:17","32","3492.8","Sale of product 4086","31244.79"
"512","1974-09-17","1974-09-17 12:44:47","44","4081.3999999999996","Sale of product 4830","31833.39"
"513","1974-09-17","1974-09-17 16:25:16","91","3568.88","Sale of product 1268","31320.870000000003"
"514","1982-12-09","1982-12-09 17:02:22","97","-4437.49","Purchase","22766.839999999997"
"515","1982-12-09","1982-12-09 21:04:48","64","1746.8999999999999","Sale of product 3399","24513.739999999998"
"516","1982-12-09","1982-12-09 01:28:59","70","2690.59","Sale of product 3149","25457.429999999997"
"517","1994-08-23","1994-08-23 01:20:12","98","-7027.959999999999","Purchase","33720.77"
"518","1994-08-23","1994-08-23 23:18:25","13","170.32","Sale of product 4474","33891.09"
"519","1994-08-23","1994-08-23 23:09:23","55","251.36","Sale of product 3512","33972.13"
"520","1994-08-23","1994-08-23 12:19:08","29","2258.04","Sale of product 4559","35978.81"
"521","1994-08-23","1994-08-23 01:17:48","12","3566.16","Sale of product 77","37286.92999999999"
"522","1994-08-23","1994-08-23 14:15:15","85","782.08","Sale of product 2119","34502.85"
"523","1976-01-29","1976-01-29 14:54:17","99","-2831.13","Purchase","66777.73"
"524","1976-01-29","1976-01-29 02:23:55","43","2831.13","Sale of product 2094","69608.86"
